[
  {
    "category": "Обеденные столы",
    "name": "Амир",
    "image": "products/product-21.jpg",
    "description": "Если вы ищете стол, за которым можно обедать, работать и играть как в помещении, так и снаружи, то приглядитесь к обеденному столу Eiffel диаметр 120. Вневременной дизайн, разработанный еще сорок лет назад, успел стать любимцем миллионов потребителей по всему миру.\n",
    "price": "4990",
    "stock": "5",
    "is_valid":"1"
  },
  {
    "category": "Обеденные столы",
    "name": "Гринвич",
    "image": "products/product-21.jpg",
    "description": "Дизайнерская круглый обеденный деревянны стол Lusso (Луссо) из массива ореха на тонких изогнутых ножках от Cosmo (Космо).\n\nОбеденный стол Lusso — изящная классическая модель стола, которая бесспорно украсит собой любую просторную залу. Дизайн стола лаконичен, но при этом он очень выразительный. Благодаря тонким изогнутым ножкам, текстуре натурального дерева и необычной форме столешницы стол безусловно подойдет к классическому интерьеру. ",
    "price": "8990",
    "stock": "7",
    "is_valid":"1"
  },
  {
    "category": "Письменные столы",
    "name": "Стенфорд",
    "image": "products/product-21.jpg",
    "description": "Чудесный лаконичный дизайн этой модели не оставит равнодушным ни одного ценителя минималистичного стиля. Письменный стол Volga идеально подходит для небольшого рабочего кабинета или офисных залов. Дизайнеры тщательно продумали его дизайн, дополнив поверхность небольшими разделителями, между которыми удобно хранить ручки и карандаши, стикеры, скрепки, записные книжки и другие канцелярские принадлежности. И конечно, на столе достаточно места для установки ноутбука или компьютерного дисплея и клавиатуры.",
    "price": "9990",
    "stock": "12",
    "is_valid":"1"
  }
]
